{
  "runDate": "2026-04-06T14:31:05.542Z",
  "aria": {
    "return": 0.026003983195849834,
    "annualisedApy": 0.10972553346921776,
    "sharpe": 151.4479988875656,
    "maxDrawdown": 0,
    "finalNav": 10260.039831958498
  },
  "benchmark": {
    "return": 0.025360479794768798,
    "annualisedApy": 0.10690551750763122,
    "finalNav": 10253.604797947688
  },
  "alpha": 0.0028200159615865417,
  "days": 90
}