{
  "runDate": "2026-04-08T09:49:55.935Z",
  "aria": {
    "return": 0.02599282327103265,
    "annualisedApy": 0.10967658141301873,
    "sharpe": 142.64498940820974,
    "maxDrawdown": 0,
    "finalNav": 10259.928232710326
  },
  "benchmark": {
    "return": 0.02512015656261683,
    "annualisedApy": 0.10585373831666067,
    "finalNav": 10251.201565626168
  },
  "alpha": 0.003822843096358053,
  "days": 90
}